-- --------------------------------------------------------
-- Host:                         127.0.0.1
-- Server version:               10.4.24-MariaDB - mariadb.org binary distribution
-- Server OS:                    Win64
-- HeidiSQL Version:             12.1.0.6537
-- --------------------------------------------------------

/*!40101 SET @OLD_CHARACTER_SET_CLIENT=@@CHARACTER_SET_CLIENT */;
/*!40101 SET NAMES utf8 */;
/*!50503 SET NAMES utf8mb4 */;
/*!40103 SET @OLD_TIME_ZONE=@@TIME_ZONE */;
/*!40103 SET TIME_ZONE='+00:00' */;
/*!40014 SET @OLD_FOREIGN_KEY_CHECKS=@@FOREIGN_KEY_CHECKS, FOREIGN_KEY_CHECKS=0 */;
/*!40101 SET @OLD_SQL_MODE=@@SQL_MODE, SQL_MODE='NO_AUTO_VALUE_ON_ZERO' */;
/*!40111 SET @OLD_SQL_NOTES=@@SQL_NOTES, SQL_NOTES=0 */;

-- Dumping structure for table cppa.jugador
CREATE TABLE IF NOT EXISTS `jugador` (
  `id` int(11) NOT NULL AUTO_INCREMENT,
  `nombre` varchar(30) DEFAULT NULL,
  `apellido` varchar(30) DEFAULT NULL,
  `created_at` varchar(40) DEFAULT NULL,
  `updated_at` varchar(40) DEFAULT NULL,
  `apodo` varchar(40) DEFAULT NULL,
  PRIMARY KEY (`id`)
) ENGINE=InnoDB AUTO_INCREMENT=19 DEFAULT CHARSET=utf8mb4;

-- Dumping data for table cppa.jugador: ~17 rows (approximately)
INSERT INTO `jugador` (`id`, `nombre`, `apellido`, `created_at`, `updated_at`, `apodo`) VALUES
	(1, 'sergio', 'balestrini', NULL, NULL, 'c6.5'),
	(2, 'santiago', 'fiorini', NULL, NULL, 'dandy'),
	(3, 'lionel', 'prats', NULL, NULL, 'crack'),
	(4, 'juan ignacio', 'peverelli', NULL, NULL, 'rifle'),
	(5, 'mariano', 'tolosa', NULL, NULL, 'buda'),
	(6, 'mariano', 'zinser', NULL, NULL, 'saeta'),
	(7, 'gaston', 'gambetta', NULL, NULL, 'oriental'),
	(8, 'emiliano', 'fernandez', NULL, NULL, 'tanqueta'),
	(9, 'gabriel', 'villalobos', NULL, NULL, 'cirujano'),
	(10, 'jorge', 'kipnis', NULL, NULL, 'kolibrí'),
	(11, 'roberto', 'luna', NULL, NULL, 'toro'),
	(12, 'alejandro', 'tolosa', NULL, NULL, 'mago'),
	(13, 'martin', 'olivero', NULL, NULL, 'lungo'),
	(14, 'gustavo', 'schiafino', NULL, NULL, 'cuñado'),
	(15, 'leyenda', 'pepe', NULL, NULL, 'leyenda'),
	(16, 'leyenda', 'junior', NULL, NULL, 'leyenda junior'),
	(17, 'ayelén', 'fernandez', NULL, NULL, 'aye'),
	(18, 'maxi', 'gómez c.', NULL, NULL, 'fascista');

-- Dumping structure for table cppa.partido
CREATE TABLE IF NOT EXISTS `partido` (
  `id` int(11) NOT NULL AUTO_INCREMENT,
  `fecha` date DEFAULT NULL,
  `estadio` varchar(30) DEFAULT NULL,
  `ganador1` int(11) DEFAULT NULL,
  `ganador2` int(11) DEFAULT NULL,
  `perdedor1` int(11) DEFAULT NULL,
  `perdedor2` int(11) DEFAULT NULL,
  `set1ganador` int(11) DEFAULT NULL,
  `set1perdedor` int(11) DEFAULT NULL,
  `set2ganador` int(11) DEFAULT NULL,
  `set2perdedor` int(11) DEFAULT NULL,
  `set3ganador` varchar(50) DEFAULT NULL,
  `set3perdedor` varchar(50) DEFAULT NULL,
  `era` varchar(30) DEFAULT NULL,
  `instancia` varchar(30) DEFAULT NULL,
  `fecha_nro` int(11) DEFAULT NULL,
  `created_at` date DEFAULT NULL,
  `updated_at` date DEFAULT NULL,
  `grand_slam` varchar(40) DEFAULT NULL,
  `set4ganador` varchar(50) DEFAULT NULL,
  `set4perdedor` varchar(50) DEFAULT NULL,
  `set5ganador` varchar(50) DEFAULT NULL,
  `set5perdedor` varchar(50) DEFAULT NULL,
  `puntos_ganador` int(11) DEFAULT NULL,
  `puntos_perdedor` int(11) DEFAULT NULL,
  `sets_ganador` int(11) DEFAULT NULL,
  `sets_perdedor` int(11) DEFAULT NULL,
  PRIMARY KEY (`id`)
) ENGINE=InnoDB AUTO_INCREMENT=111 DEFAULT CHARSET=utf8mb4;

-- Dumping data for table cppa.partido: ~99 rows (approximately)
INSERT INTO `partido` (`id`, `fecha`, `estadio`, `ganador1`, `ganador2`, `perdedor1`, `perdedor2`, `set1ganador`, `set1perdedor`, `set2ganador`, `set2perdedor`, `set3ganador`, `set3perdedor`, `era`, `instancia`, `fecha_nro`, `created_at`, `updated_at`, `grand_slam`, `set4ganador`, `set4perdedor`, `set5ganador`, `set5perdedor`, `puntos_ganador`, `puntos_perdedor`, `sets_ganador`, `sets_perdedor`) VALUES
	(1, '2022-04-04', 'miralla 2600', 1, 2, 3, 4, 6, 4, 6, 1, NULL, NULL, 'amateurismo', 'amistoso', NULL, NULL, NULL, NULL, NULL, NULL, NULL, NULL, NULL, NULL, NULL, NULL),
	(2, '2022-04-11', 'tandil y varela', 1, 2, 3, 5, 6, 1, 6, 2, '6', '4', 'amateurismo', 'amistoso', NULL, NULL, NULL, NULL, NULL, NULL, NULL, NULL, NULL, NULL, NULL, NULL),
	(3, '2022-04-18', 'cosquin 1685', 1, 2, 3, 5, 6, 0, 6, 1, '6', '2', 'amateurismo', 'amistoso', NULL, NULL, NULL, NULL, NULL, NULL, NULL, NULL, NULL, NULL, NULL, NULL),
	(4, '2022-04-18', 'cosquin 1685', 1, 2, 3, 5, 6, 4, NULL, NULL, NULL, NULL, 'amateurismo', 'amistoso', NULL, NULL, NULL, NULL, NULL, NULL, NULL, NULL, NULL, NULL, NULL, NULL),
	(5, '2022-04-25', 'cosquin 1685', 1, 2, 3, 6, 6, 1, 6, 3, '6', '3', 'amateurismo', 'amistoso', NULL, NULL, NULL, NULL, NULL, NULL, NULL, NULL, NULL, NULL, NULL, NULL),
	(6, '2022-04-25', 'cosquin 1685', 1, 2, 3, 6, 6, 3, NULL, NULL, NULL, NULL, 'amateurismo', 'amistoso', NULL, NULL, NULL, NULL, NULL, NULL, NULL, NULL, NULL, NULL, NULL, NULL),
	(7, '2022-05-02', 'cardenas 2685', 1, 5, 3, 4, 6, 2, 6, 0, NULL, NULL, 'profesionalismo', 'semifinal', 1, NULL, NULL, '1', NULL, NULL, NULL, NULL, NULL, NULL, NULL, NULL),
	(8, '2022-05-02', 'cardenas 2685', 6, 7, 2, 8, 6, 7, 6, 3, '6', '3', 'profesionalismo', 'semifinal', 1, NULL, NULL, '1', NULL, NULL, NULL, NULL, NULL, NULL, NULL, NULL),
	(9, '2022-05-02', 'cardenas 2685', 1, 5, 6, 7, 6, 0, 6, 3, NULL, NULL, 'profesionalismo', 'final', 1, NULL, NULL, '1', NULL, NULL, NULL, NULL, NULL, NULL, NULL, NULL),
	(10, '2022-06-13', 'cardenas 2685', 2, 8, 3, 4, 6, 2, 5, 7, '6', '2', 'profesionalismo', '3&4', 1, NULL, NULL, '1', NULL, NULL, NULL, NULL, NULL, NULL, NULL, NULL),
	(11, '2022-05-09', 'cardenas 2685', 1, 2, 3, 9, 6, 1, 6, 2, NULL, NULL, 'profesionalismo', 'semifinal', 2, NULL, NULL, '1', NULL, NULL, NULL, NULL, NULL, NULL, NULL, NULL),
	(12, '2022-05-09', 'cardenas 2685', 4, 6, 7, 10, 6, 1, 6, 3, NULL, NULL, 'profesionalismo', 'semifinal', 2, NULL, NULL, '1', NULL, NULL, NULL, NULL, NULL, NULL, NULL, NULL),
	(13, '2022-05-09', 'cardenas 2685', 1, 2, 4, 6, 6, 0, 6, 3, NULL, NULL, 'profesionalismo', 'final', 2, NULL, NULL, '1', NULL, NULL, NULL, NULL, NULL, NULL, NULL, NULL),
	(14, '2022-05-09', 'cardenas 2685', 3, 9, 7, 10, 6, 3, NULL, NULL, NULL, NULL, 'profesionalismo', '3&4', 2, NULL, NULL, '1', NULL, NULL, NULL, NULL, NULL, NULL, NULL, NULL),
	(15, '2022-05-16', 'cardenas 2685', 1, 8, 2, 9, 6, 0, 6, 0, NULL, NULL, 'profesionalismo', 'semifinal', 3, NULL, NULL, '1', NULL, NULL, NULL, NULL, NULL, NULL, NULL, NULL),
	(16, '2022-05-16', 'cardenas 2685', 3, 5, 6, 7, 6, 4, 7, 6, NULL, NULL, 'profesionalismo', 'semifinal', 3, NULL, NULL, '1', NULL, NULL, NULL, NULL, NULL, NULL, NULL, NULL),
	(17, '2022-05-16', 'cardenas 2685', 1, 8, 3, 5, 6, 0, 6, 0, NULL, NULL, 'profesionalismo', 'final', 3, NULL, NULL, '1', NULL, NULL, NULL, NULL, NULL, NULL, NULL, NULL),
	(18, '2022-05-16', 'cardenas 2685', 6, 7, 2, 9, 6, 0, 1, 0, NULL, NULL, 'profesionalismo', '3&4', 3, NULL, NULL, '1', NULL, NULL, NULL, NULL, NULL, NULL, NULL, NULL),
	(19, '2022-05-23', 'cardenas 2685', 1, 9, 4, 5, 6, 0, 6, 0, NULL, NULL, 'profesionalismo', 'semifinal', 4, NULL, NULL, '1', NULL, NULL, NULL, NULL, NULL, NULL, NULL, NULL),
	(20, '2022-05-23', 'cardenas 2685', 7, 8, 2, 6, 6, 1, 6, 1, NULL, NULL, 'profesionalismo', 'semifinal', 4, NULL, NULL, '1', NULL, NULL, NULL, NULL, NULL, NULL, NULL, NULL),
	(21, '2022-05-23', 'cardenas 2685', 1, 9, 7, 8, 6, 4, 6, 4, NULL, NULL, 'profesionalismo', 'final', 4, NULL, NULL, '1', NULL, NULL, NULL, NULL, NULL, NULL, NULL, NULL),
	(22, '2022-05-23', 'cardenas 2685', 4, 5, 2, 6, 6, 4, 6, 4, NULL, NULL, 'profesionalismo', '3&4', 4, NULL, NULL, '1', NULL, NULL, NULL, NULL, NULL, NULL, NULL, NULL),
	(23, '2022-05-30', 'cardenas 2685', 1, 3, 2, 5, 6, 0, 6, 1, NULL, NULL, 'profesionalismo', 'semifinal', 5, NULL, NULL, '1', NULL, NULL, NULL, NULL, NULL, NULL, NULL, NULL),
	(24, '2022-05-30', 'cardenas 2685', 4, 7, 6, 9, 6, 4, 7, 5, NULL, NULL, 'profesionalismo', 'semifinal', 5, NULL, NULL, '1', NULL, NULL, NULL, NULL, NULL, NULL, NULL, NULL),
	(25, '2022-05-30', 'cardenas 2685', 1, 3, 4, 7, 6, 0, 6, 0, NULL, NULL, 'profesionalismo', 'final', 5, NULL, NULL, '1', NULL, NULL, NULL, NULL, NULL, NULL, NULL, NULL),
	(26, '2022-05-30', 'cardenas 2685', 6, 9, 2, 5, 6, 4, 3, 2, NULL, NULL, 'profesionalismo', '3&4', 5, NULL, NULL, '1', NULL, NULL, NULL, NULL, NULL, NULL, NULL, NULL),
	(27, '2022-06-06', 'cardenas 2685', 6, 8, 4, 9, 6, 1, 6, 0, NULL, NULL, 'profesionalismo', 'semifinal', 6, NULL, NULL, '1', NULL, NULL, NULL, NULL, NULL, NULL, NULL, NULL),
	(28, '2022-06-06', 'cardenas 2685', 5, 7, 3, 11, 6, 2, 6, 2, NULL, NULL, 'profesionalismo', 'semifinal', 6, NULL, NULL, '1', NULL, NULL, NULL, NULL, NULL, NULL, NULL, NULL),
	(29, '2022-06-06', 'cardenas 2685', 6, 8, 5, 7, 6, 2, 4, 2, NULL, NULL, 'profesionalismo', 'final', 6, NULL, NULL, '1', NULL, NULL, NULL, NULL, NULL, NULL, NULL, NULL),
	(30, '2022-06-06', 'cardenas 2685', 3, 11, 4, 9, 1, 6, 6, 1, '3', '0', 'profesionalismo', '3&4', 6, NULL, NULL, '1', NULL, NULL, NULL, NULL, NULL, NULL, NULL, NULL),
	(31, '2022-06-20', 'cardenas 2685', 1, 4, 3, 6, 6, 4, 6, 4, NULL, NULL, 'profesionalismo', 'semifinal', 7, NULL, NULL, '1', NULL, NULL, NULL, NULL, NULL, NULL, NULL, NULL),
	(32, '2022-06-20', 'cardenas 2685', 2, 8, 5, 9, 7, 5, 6, 3, NULL, NULL, 'profesionalismo', 'semifinal', 7, NULL, NULL, '1', NULL, NULL, NULL, NULL, NULL, NULL, NULL, NULL),
	(33, '2022-06-20', 'cardenas 2685', 1, 4, 2, 8, 6, 2, 6, 2, NULL, NULL, 'profesionalismo', 'final', 7, NULL, NULL, '1', NULL, NULL, NULL, NULL, NULL, NULL, NULL, NULL),
	(34, '2022-06-20', 'cardenas 2685', 3, 6, 5, 9, 7, 6, 6, 1, NULL, NULL, 'profesionalismo', '3&4', 7, NULL, NULL, '1', NULL, NULL, NULL, NULL, NULL, NULL, NULL, NULL),
	(35, '2022-06-27', 'cardenas 2685', 1, 9, 4, 6, 6, 0, 6, 1, NULL, NULL, 'profesionalismo', 'semifinal', 8, NULL, NULL, '1', NULL, NULL, NULL, NULL, NULL, NULL, NULL, NULL),
	(36, '2022-06-27', 'cardenas 2685', 3, 5, 2, 8, 6, 2, 6, 3, NULL, NULL, 'profesionalismo', 'semifinal', 8, NULL, NULL, '1', NULL, NULL, NULL, NULL, NULL, NULL, NULL, NULL),
	(37, '2022-06-27', 'cardenas 2685', 1, 9, 3, 5, 6, 1, 6, 2, NULL, NULL, 'profesionalismo', 'final', 8, NULL, NULL, '1', NULL, NULL, NULL, NULL, NULL, NULL, NULL, NULL),
	(38, '2022-06-27', 'cardenas 2685', 2, 8, 4, 6, 6, 4, 7, 5, NULL, NULL, 'profesionalismo', '3&4', 8, NULL, NULL, '1', NULL, NULL, NULL, NULL, NULL, NULL, NULL, NULL),
	(39, '2022-07-02', 'benito juarez 2654', 1, 14, 6, 13, 6, 1, 6, 1, NULL, NULL, 'profesionalismo', 'semifinal', NULL, NULL, NULL, 'copa saeta fest', NULL, NULL, NULL, NULL, NULL, NULL, NULL, NULL),
	(40, '2022-07-02', 'benito juarez 2654', 5, 8, 3, 9, 6, 3, 6, 3, NULL, NULL, 'profesionalismo', 'semifinal', NULL, NULL, NULL, 'copa saeta fest', NULL, NULL, NULL, NULL, NULL, NULL, NULL, NULL),
	(41, '2022-07-02', 'benito juarez 2654', 1, 14, 5, 8, 6, 1, 6, 0, NULL, NULL, 'profesionalismo', 'final', NULL, NULL, NULL, 'copa saeta fest', NULL, NULL, NULL, NULL, NULL, NULL, NULL, NULL),
	(42, '2022-07-02', 'benito juarez 2654', 3, 9, 6, 13, 6, 2, 3, 3, NULL, NULL, 'profesionalismo', '3&4', NULL, NULL, NULL, 'copa saeta fest', NULL, NULL, NULL, NULL, NULL, NULL, NULL, NULL),
	(43, '2022-07-04', 'cardenas 2685', 4, 8, 5, 12, 6, 0, 6, 1, NULL, NULL, 'profesionalismo', 'semifinal', 9, NULL, NULL, '1', NULL, NULL, NULL, NULL, NULL, NULL, NULL, NULL),
	(44, '2022-07-04', 'cardenas 2685', 2, 3, 6, 9, 6, 4, 6, 2, NULL, NULL, 'profesionalismo', 'semifinal', 9, NULL, NULL, '1', NULL, NULL, NULL, NULL, NULL, NULL, NULL, NULL),
	(45, '2022-07-04', 'cardenas 2685', 4, 8, 2, 3, 6, 1, 6, 1, NULL, NULL, 'profesionalismo', 'final', 9, NULL, NULL, '1', NULL, NULL, NULL, NULL, NULL, NULL, NULL, NULL),
	(46, '2022-07-04', 'cardenas 2685', 6, 9, 5, 12, 6, 0, 7, 5, NULL, NULL, 'profesionalismo', '3&4', 9, NULL, NULL, '1', NULL, NULL, NULL, NULL, NULL, NULL, NULL, NULL),
	(47, '2022-07-11', 'cardenas 2685', 1, 12, 6, 9, 6, 1, 6, 2, NULL, NULL, 'profesionalismo', 'semifinal', 10, NULL, NULL, '1', NULL, NULL, NULL, NULL, NULL, NULL, NULL, NULL),
	(48, '2022-07-11', 'cardenas 2685', 5, 7, 2, 4, 6, 2, 6, 4, NULL, NULL, 'profesionalismo', 'semifinal', 10, NULL, NULL, '1', NULL, NULL, NULL, NULL, NULL, NULL, NULL, NULL),
	(49, '2022-07-11', 'cardenas 2685', 1, 12, 5, 7, 6, 2, 6, 2, NULL, NULL, 'profesionalismo', 'final', 10, NULL, NULL, '1', NULL, NULL, NULL, NULL, NULL, NULL, NULL, NULL),
	(50, '2022-07-11', 'cardenas 2685', 6, 9, 2, 4, 6, 2, 6, 4, NULL, NULL, 'profesionalismo', '3&4', 10, NULL, NULL, '1', NULL, NULL, NULL, NULL, NULL, NULL, NULL, NULL),
	(51, '2022-07-18', 'cardenas 2685', 7, 12, 6, 13, 6, 3, 6, 4, NULL, NULL, 'profesionalismo', 'semifinal', 11, NULL, NULL, '1', NULL, NULL, NULL, NULL, NULL, NULL, NULL, NULL),
	(52, '2022-07-18', 'cardenas 2685', 4, 14, 9, 15, 6, 1, 6, 4, NULL, NULL, 'profesionalismo', 'semifinal', 11, NULL, NULL, '1', NULL, NULL, NULL, NULL, NULL, NULL, NULL, NULL),
	(53, '2022-07-18', 'cardenas 2685', 7, 12, 4, 14, 6, 3, 7, 5, NULL, NULL, 'profesionalismo', 'final', 11, NULL, NULL, '1', NULL, NULL, NULL, NULL, NULL, NULL, NULL, NULL),
	(54, '2022-07-18', 'cardenas 2685', 9, 15, 6, 13, 6, 3, 6, 2, NULL, NULL, 'profesionalismo', '3&4', 11, NULL, NULL, '1', NULL, NULL, NULL, NULL, NULL, NULL, NULL, NULL),
	(55, '2022-08-01', 'cardenas 2685', 15, 16, 6, 7, 6, 4, 7, 5, NULL, NULL, 'profesionalismo', 'semifinal', 12, NULL, NULL, '1', NULL, NULL, NULL, NULL, NULL, NULL, NULL, NULL),
	(56, '2022-08-01', 'cardenas 2685', 8, 17, 5, 9, 6, 0, 6, 1, NULL, NULL, 'profesionalismo', 'semifinal', 12, NULL, NULL, '1', NULL, NULL, NULL, NULL, NULL, NULL, NULL, NULL),
	(57, '2022-08-01', 'cardenas 2685', 15, 16, 8, 17, 6, 2, 6, 3, NULL, NULL, 'profesionalismo', 'final', 12, NULL, NULL, '1', NULL, NULL, NULL, NULL, NULL, NULL, NULL, NULL),
	(58, '2022-08-01', 'cardenas 2685', 6, 7, 5, 9, 6, 3, 6, 2, NULL, NULL, 'profesionalismo', '3&4', 12, NULL, NULL, '1', NULL, NULL, NULL, NULL, NULL, NULL, NULL, NULL),
	(59, '2022-08-08', 'cardenas 2685', 2, 15, 4, 6, 7, 5, 6, 4, NULL, NULL, 'profesionalismo', 'semifinal', 1, '0000-00-00', NULL, '2', NULL, NULL, NULL, NULL, NULL, NULL, NULL, NULL),
	(60, '2022-08-08', 'cardenas 2685', 7, 9, 8, 10, 7, 6, 2, 6, '6', '1', 'profesionalismo', 'semifinal', 1, NULL, NULL, '2', NULL, NULL, NULL, NULL, NULL, NULL, NULL, NULL),
	(61, '2022-08-08', 'cardenas 2685', 2, 15, 7, 9, 5, 3, NULL, NULL, NULL, NULL, 'profesionalismo', 'final', 1, NULL, NULL, '2', NULL, NULL, NULL, NULL, NULL, NULL, NULL, NULL),
	(62, '2022-08-08', 'cardenas 2685', 4, 6, 8, 10, 5, 4, NULL, NULL, NULL, NULL, 'profesionalismo', '3&4', 1, NULL, NULL, '2', NULL, NULL, NULL, NULL, NULL, NULL, NULL, NULL),
	(63, '2022-08-15', 'cardenas 2685', 1, 7, 5, 9, 6, 1, 6, 0, NULL, NULL, 'profesionalismo', 'semifinal', 2, NULL, NULL, '2', NULL, NULL, NULL, NULL, NULL, NULL, NULL, NULL),
	(64, '2022-08-15', 'cardenas 2685', 4, 18, 6, 12, 7, 5, 6, 7, 'tb (7-5)', 'tb (5-7)', 'profesionalismo', 'semifinal', 2, NULL, NULL, '2', NULL, NULL, NULL, NULL, NULL, NULL, NULL, NULL),
	(65, '2022-08-15', 'cardenas 2685', 1, 7, 4, 18, 6, 0, 6, 1, NULL, NULL, 'profesionalismo', 'final', 2, NULL, NULL, '2', NULL, NULL, NULL, NULL, NULL, NULL, NULL, NULL),
	(66, '2022-08-15', 'cardenas 2685', 5, 9, 6, 12, 2, 6, 6, 1, 'tb (7-1)', 'tb (1-7)', 'profesionalismo', '3&4', 2, NULL, NULL, '2', NULL, NULL, NULL, NULL, NULL, NULL, NULL, NULL),
	(67, '2022-08-22', 'cardenas 2685', 1, 6, 3, 9, 6, 0, 6, 3, NULL, NULL, 'profesionalismo', 'semifinal', 3, NULL, NULL, '2', NULL, NULL, NULL, NULL, NULL, NULL, NULL, NULL),
	(68, '2022-08-22', 'cardenas 2685', 5, 7, 2, 4, 6, 4, 7, 6, NULL, NULL, 'profesionalismo', 'semifinal', 3, NULL, NULL, '2', NULL, NULL, NULL, NULL, NULL, NULL, NULL, NULL),
	(69, '2022-08-22', 'cardenas 2685', 1, 6, 5, 7, 6, 2, 6, 1, NULL, NULL, 'profesionalismo', 'final', 3, NULL, NULL, '2', NULL, NULL, NULL, NULL, NULL, NULL, NULL, NULL),
	(70, '2022-08-22', 'cardenas 2685', 3, 9, 2, 4, 6, 2, 6, 2, NULL, NULL, 'profesionalismo', '3&4', 3, NULL, NULL, '2', NULL, NULL, NULL, NULL, NULL, NULL, NULL, NULL),
	(71, '2022-08-29', 'cardenas 2685', 3, 6, 9, 18, 6, 2, 6, 1, NULL, NULL, 'profesionalismo', 'semifinal', 4, NULL, NULL, '2', NULL, NULL, NULL, NULL, NULL, NULL, NULL, NULL),
	(72, '2022-08-29', 'cardenas 2685', 4, 15, 2, 5, 6, 2, 7, 5, NULL, NULL, 'profesionalismo', 'semifinal', 4, NULL, NULL, '2', NULL, NULL, NULL, NULL, NULL, NULL, NULL, NULL),
	(73, '2022-08-29', 'cardenas 2685', 3, 6, 4, 15, 6, 0, 6, 1, NULL, NULL, 'profesionalismo', 'final', 4, NULL, NULL, '2', NULL, NULL, NULL, NULL, NULL, NULL, NULL, NULL),
	(74, '2022-08-29', 'cardenas 2685', 2, 5, 9, 18, 7, 5, 2, 3, NULL, NULL, 'profesionalismo', '3&4', 4, NULL, NULL, '2', NULL, NULL, NULL, NULL, NULL, NULL, NULL, NULL),
	(75, '2022-09-05', 'cardenas 2685', 1, 12, 5, 6, 6, 1, 6, 4, NULL, NULL, 'profesionalismo', 'semifinal', 5, NULL, NULL, '2', NULL, NULL, NULL, NULL, NULL, NULL, NULL, NULL),
	(76, '2022-09-05', 'cardenas 2685', 3, 9, 4, 7, 4, 6, 6, 2, 'tb (11-9)', 'tb (9-11)', 'profesionalismo', 'semifinal', 5, NULL, NULL, '2', NULL, NULL, NULL, NULL, NULL, NULL, NULL, NULL),
	(77, '2022-09-05', 'cardenas 2685', 1, 12, 3, 9, 6, 2, 6, 1, NULL, NULL, 'profesionalismo', 'final', 5, NULL, NULL, '2', NULL, NULL, NULL, NULL, NULL, NULL, NULL, NULL),
	(78, '2022-09-05', 'cardenas 2685', 5, 6, 4, 7, 6, 3, 7, 5, NULL, NULL, 'profesionalismo', '3&4', 5, NULL, NULL, '2', NULL, NULL, NULL, NULL, NULL, NULL, NULL, NULL),
	(79, '2022-09-12', 'cardenas 2685', 1, 3, 7, 8, 6, 2, 6, 4, '6', '2', 'profesionalismo', 'finalisima', 0, NULL, NULL, '1', NULL, NULL, NULL, NULL, NULL, NULL, NULL, NULL),
	(80, '2022-09-12', 'cardenas 2685', 4, 6, 5, 9, 1, 6, 2, 6, '6', '2', 'profesionalismo', 'frustradisima', 0, NULL, NULL, '1', '7', '5', 'tb (10-8)', 'tb (8-10)', NULL, NULL, NULL, NULL),
	(81, '2022-09-19', 'cardenas 2685', 1, 8, 2, 5, 6, 0, 6, 0, NULL, NULL, 'profesionalismo', 'semifinal', 6, NULL, NULL, '2', NULL, NULL, NULL, NULL, NULL, NULL, NULL, NULL),
	(82, '2022-09-19', 'cardenas 2685', 7, 9, 3, 4, 6, 3, 6, 4, NULL, NULL, 'profesionalismo', 'semifinal', 6, NULL, NULL, '2', NULL, NULL, NULL, NULL, NULL, NULL, NULL, NULL),
	(83, '2022-09-19', 'cardenas 2685', 1, 8, 7, 9, 6, 0, 6, 1, NULL, NULL, 'profesionalismo', 'final', 6, NULL, NULL, '2', NULL, NULL, NULL, NULL, NULL, NULL, NULL, NULL),
	(84, '2022-09-19', 'cardenas 2685', 3, 4, 2, 5, 4, 6, 6, 3, 'tb (7-2)', 'tb (2-7)', 'profesionalismo', '3&4', 6, NULL, NULL, '2', NULL, NULL, NULL, NULL, NULL, NULL, NULL, NULL),
	(85, '2022-09-26', 'cardenas 2685', 1, 18, 3, 9, 6, 1, 6, 3, NULL, NULL, 'profesionalismo', 'semifinal', 7, NULL, NULL, '2', NULL, NULL, NULL, NULL, NULL, NULL, NULL, NULL),
	(86, '2022-09-26', 'cardenas 2685', 4, 8, 5, 7, 6, 4, 6, 3, NULL, NULL, 'profesionalismo', 'semifinal', 7, NULL, NULL, '2', NULL, NULL, NULL, NULL, NULL, NULL, NULL, NULL),
	(87, '2022-09-26', 'cardenas 2685', 1, 18, 4, 8, 6, 0, 6, 1, NULL, NULL, 'profesionalismo', 'final', 7, NULL, NULL, '2', NULL, NULL, NULL, NULL, NULL, NULL, NULL, NULL),
	(88, '2022-09-26', 'cardenas 2685', 3, 9, 5, 7, 7, 6, 6, 4, NULL, NULL, 'profesionalismo', '3&4', 7, NULL, NULL, '2', NULL, NULL, NULL, NULL, NULL, NULL, NULL, NULL),
	(89, '2022-10-03', 'cardenas 2685', 4, 8, 2, 6, 6, 4, 6, 4, NULL, NULL, 'profesionalismo', 'semifinal', 8, NULL, NULL, '2', NULL, NULL, NULL, NULL, NULL, NULL, NULL, NULL),
	(90, '2022-10-03', 'cardenas 2685', 5, 12, 7, 9, 3, 6, 6, 1, 'tb (7-5)', 'tb (5-7)', 'profesionalismo', 'semifinal', 8, NULL, NULL, '2', NULL, NULL, NULL, NULL, NULL, NULL, NULL, NULL),
	(91, '2022-10-03', 'cardenas 2685', 4, 8, 5, 12, 6, 3, 6, 7, 'tb (7-1)', 'tb (1-7)', 'profesionalismo', 'final', 8, NULL, NULL, '2', NULL, NULL, NULL, NULL, NULL, NULL, NULL, NULL),
	(92, '2022-10-03', 'cardenas 2685', 7, 9, 2, 6, 6, 3, 5, 7, 'tb (7-4)', 'tb (4-7)', 'profesionalismo', '3&4', 8, NULL, NULL, '2', NULL, NULL, NULL, NULL, NULL, NULL, NULL, NULL),
	(93, '2022-10-10', 'cardenas 2685', 4, 7, 2, 8, 7, 5, 2, 6, 'tb (11-9)', 'tb (9-11)', 'profesionalismo', 'semifinal', 9, NULL, NULL, '2', NULL, NULL, NULL, NULL, NULL, NULL, NULL, NULL),
	(94, '2022-10-10', 'cardenas 2685', 6, 9, 5, 12, 6, 2, 6, 2, NULL, NULL, 'profesionalismo', 'semifinal', 9, NULL, NULL, '2', NULL, NULL, NULL, NULL, NULL, NULL, NULL, NULL),
	(95, '2022-10-10', 'cardenas 2685', 4, 7, 6, 9, 4, 6, 6, 4, 'tb (7-3)', 'tb (3-7)', 'profesionalismo', 'final', 9, NULL, NULL, '2', NULL, NULL, NULL, NULL, NULL, NULL, NULL, NULL),
	(96, '2022-10-10', 'cardenas 2685', 2, 8, 5, 12, 6, 0, 6, 0, NULL, NULL, 'profesionalismo', '3&4', 9, NULL, NULL, '2', NULL, NULL, NULL, NULL, NULL, NULL, NULL, NULL),
	(97, '2022-10-17', 'cardenas 2685', 1, 3, 6, 8, 6, 4, 6, 2, '6', '2', 'profesionalismo', 'finalisima', 0, NULL, NULL, '2', NULL, NULL, NULL, NULL, NULL, NULL, NULL, NULL),
	(98, '2022-10-17', 'cardenas 2685', 7, 9, 4, 12, 6, 2, 3, 6, '6', '2', 'profesionalismo', 'frustradisima', 0, NULL, NULL, '2', '6', '1', NULL, NULL, NULL, NULL, NULL, NULL),
	(99, '2022-10-24', 'cardenas 2685', 3, 4, 2, 8, 6, 3, 7, 6, NULL, NULL, 'profesionalismo', 'semifinal', 1, NULL, NULL, '3', NULL, NULL, NULL, NULL, NULL, NULL, NULL, NULL),
	(100, '2022-10-24', 'cardenas 2685', 6, 7, 9, 12, 6, 1, 7, 6, NULL, NULL, 'profesionalismo', 'semifinal', 1, NULL, NULL, '3', NULL, NULL, NULL, NULL, NULL, NULL, NULL, NULL),
	(101, '2022-10-24', 'cardenas 2685', 3, 4, 6, 7, 2, 6, 6, 4, 'tb (7-5)', 'tb (5-7)', 'profesionalismo', 'final', 1, NULL, NULL, '3', NULL, NULL, NULL, NULL, NULL, NULL, NULL, NULL),
	(102, '2022-10-24', 'cardenas 2685', 2, 8, 9, 12, 6, 2, 3, 6, 'tb (12-10)', 'tb (10-12)', 'profesionalismo', '3&4', 1, NULL, NULL, '3', NULL, NULL, NULL, NULL, NULL, NULL, NULL, NULL),
	(103, '2022-10-31', 'cardenas 2685', 1, 9, 5, 6, 6, 3, 4, 6, 'tb (7-5)', 'tb (5-7)', 'profesionalismo', 'semifinal', 2, NULL, NULL, '3', '0', '0', '0', '0', NULL, NULL, NULL, NULL),
	(104, '2022-10-31', 'cardenas 2685', 3, 12, 2, 7, 6, 4, 7, 5, '0', '0', 'profesionalismo', 'semifinal', 2, NULL, NULL, '3', '0', '0', '0', '0', NULL, NULL, NULL, NULL),
	(105, '2022-10-31', 'cardenas 2685', 1, 9, 3, 12, 6, 3, 6, 1, '0', '0', 'profesionalismo', 'final', 2, NULL, NULL, '3', '0', '0', '0', '0', NULL, NULL, NULL, NULL),
	(106, '2022-10-31', 'cardenas 2685', 5, 6, 2, 7, 6, 3, 6, 4, '0', '0', 'profesionalismo', '3&4', 2, NULL, NULL, '3', '0', '0', '0', '0', NULL, NULL, NULL, NULL),
	(107, '2022-11-07', 'cardenas 2685', 1, 8, 5, 6, 6, 0, 6, 1, '0', '0', 'profesionalismo', 'semifinal', 3, NULL, NULL, '3', '0', '0', '0', '0', NULL, NULL, NULL, NULL),
	(108, '2022-11-07', 'cardenas 2685', 3, 7, 4, 12, 6, 3, 6, 0, '0', '0', 'profesionalismo', 'semifinal', 3, '2022-11-08', '2022-11-08', '3', '0', '0', '0', '0', NULL, NULL, NULL, NULL),
	(109, '2022-11-07', 'cardenas 2685', 1, 8, 3, 7, 6, 2, 6, 3, '0', '0', 'profesionalismo', 'final', 3, '2022-11-08', '2022-11-08', '3', '0', '0', '0', '0', NULL, NULL, NULL, NULL),
	(110, '2022-11-07', 'cardenas 2685', 5, 6, 4, 12, 6, 2, 7, 6, '0', '0', 'profesionalismo', '3&4', 3, '2022-11-08', '2022-11-08', '3', '0', '0', '0', '0', NULL, NULL, NULL, NULL);

-- Dumping structure for table cppa.proxima_fecha
CREATE TABLE IF NOT EXISTS `proxima_fecha` (
  `id` int(11) NOT NULL DEFAULT 0,
  `a1` varchar(2) NOT NULL DEFAULT '',
  `a2` varchar(2) NOT NULL DEFAULT '0',
  `b1` varchar(2) DEFAULT NULL,
  `b2` varchar(2) DEFAULT NULL,
  `c1` varchar(2) DEFAULT NULL,
  `c2` varchar(2) DEFAULT NULL,
  `d1` varchar(2) DEFAULT NULL,
  `d2` varchar(2) DEFAULT NULL,
  `created_at` date DEFAULT NULL,
  `updated_at` date DEFAULT NULL,
  PRIMARY KEY (`id`)
) ENGINE=InnoDB DEFAULT CHARSET=utf8mb4;

-- Dumping data for table cppa.proxima_fecha: ~1 rows (approximately)
INSERT INTO `proxima_fecha` (`id`, `a1`, `a2`, `b1`, `b2`, `c1`, `c2`, `d1`, `d2`, `created_at`, `updated_at`) VALUES
	(1, '3', '2', '8', '12', '9', '7', '6', '4', '2022-11-09', '2022-11-09');

-- Dumping structure for table cppa.resultado
CREATE TABLE IF NOT EXISTS `resultado` (
  `id` int(11) NOT NULL AUTO_INCREMENT,
  `id_partido` int(11) NOT NULL DEFAULT 0,
  `id_jugador` int(11) NOT NULL DEFAULT 0,
  `games_ganados` int(11) NOT NULL DEFAULT 0,
  `games_perdidos` int(11) NOT NULL DEFAULT 0,
  `sets_ganados` int(11) NOT NULL DEFAULT 0,
  `sets_perdidos` int(11) NOT NULL DEFAULT 0,
  `partidos_ganados` int(11) NOT NULL DEFAULT 0,
  `partidos_perdidos` int(11) NOT NULL DEFAULT 0,
  `actuacion_destacada` varchar(50) DEFAULT NULL,
  `created_at` date DEFAULT NULL,
  `updated_at` date DEFAULT NULL,
  PRIMARY KEY (`id`)
) ENGINE=InnoDB AUTO_INCREMENT=385 DEFAULT CHARSET=utf8mb4;

-- Dumping data for table cppa.resultado: ~296 rows (approximately)
INSERT INTO `resultado` (`id`, `id_partido`, `id_jugador`, `games_ganados`, `games_perdidos`, `sets_ganados`, `sets_perdidos`, `partidos_ganados`, `partidos_perdidos`, `actuacion_destacada`, `created_at`, `updated_at`) VALUES
	(1, 7, 1, 12, 2, 2, 0, 1, 0, '0', NULL, NULL),
	(2, 7, 5, 12, 2, 2, 0, 1, 0, '0', NULL, NULL),
	(3, 7, 3, 2, 12, 0, 2, 0, 1, '0', NULL, NULL),
	(4, 7, 4, 2, 12, 0, 2, 0, 1, '0', NULL, NULL),
	(5, 8, 6, 18, 13, 2, 1, 1, 0, '0', NULL, NULL),
	(6, 8, 7, 18, 13, 2, 1, 1, 0, '0', NULL, NULL),
	(7, 8, 2, 13, 18, 1, 2, 0, 1, '0', NULL, NULL),
	(8, 8, 8, 13, 18, 1, 2, 0, 1, '0', NULL, NULL),
	(9, 9, 1, 12, 3, 2, 0, 1, 0, '0', NULL, NULL),
	(10, 9, 5, 12, 3, 2, 0, 1, 0, '0', NULL, NULL),
	(11, 9, 6, 3, 12, 0, 2, 0, 1, '0', NULL, NULL),
	(12, 9, 7, 3, 12, 0, 2, 0, 1, '0', NULL, NULL),
	(13, 10, 2, 17, 11, 2, 1, 1, 0, '0', NULL, NULL),
	(14, 10, 8, 17, 11, 2, 1, 1, 0, '0', NULL, NULL),
	(15, 10, 3, 11, 17, 1, 2, 0, 1, '0', NULL, NULL),
	(16, 10, 4, 11, 17, 1, 2, 0, 1, '0', NULL, NULL),
	(17, 11, 1, 12, 3, 2, 0, 1, 0, '0', NULL, NULL),
	(18, 11, 2, 12, 3, 2, 0, 1, 0, '0', NULL, NULL),
	(19, 11, 3, 3, 12, 0, 2, 0, 1, '0', NULL, NULL),
	(20, 11, 9, 3, 12, 0, 2, 0, 1, '0', NULL, NULL),
	(21, 12, 4, 12, 4, 2, 0, 1, 0, '0', NULL, NULL),
	(22, 12, 6, 12, 4, 2, 0, 1, 0, '0', NULL, NULL),
	(23, 12, 7, 4, 12, 0, 2, 0, 1, '0', NULL, NULL),
	(24, 12, 10, 4, 12, 0, 2, 0, 1, '0', NULL, NULL),
	(25, 13, 1, 12, 3, 2, 0, 1, 0, '0', NULL, NULL),
	(26, 13, 2, 12, 3, 2, 0, 1, 0, '0', NULL, NULL),
	(27, 13, 4, 3, 12, 0, 2, 0, 1, '0', NULL, NULL),
	(28, 13, 6, 3, 12, 0, 2, 0, 1, '0', NULL, NULL),
	(29, 14, 3, 6, 3, 1, 0, 1, 0, '0', NULL, NULL),
	(30, 14, 9, 6, 3, 1, 0, 1, 0, '0', NULL, NULL),
	(31, 14, 7, 3, 6, 0, 1, 0, 1, '0', NULL, NULL),
	(32, 14, 10, 3, 6, 0, 1, 0, 1, '0', NULL, NULL),
	(33, 15, 1, 12, 0, 2, 0, 1, 0, '0', NULL, NULL),
	(34, 15, 8, 12, 0, 2, 0, 1, 0, '0', NULL, NULL),
	(35, 15, 2, 0, 12, 0, 2, 0, 1, '0', NULL, NULL),
	(36, 15, 9, 0, 12, 0, 2, 0, 1, '0', NULL, NULL),
	(37, 16, 3, 13, 10, 2, 0, 1, 0, '0', NULL, NULL),
	(38, 16, 5, 13, 10, 2, 0, 1, 0, '0', NULL, NULL),
	(39, 16, 6, 10, 13, 0, 2, 0, 1, '0', NULL, NULL),
	(40, 16, 7, 10, 13, 0, 2, 0, 1, '0', NULL, NULL),
	(41, 17, 1, 12, 0, 2, 0, 1, 0, '1', NULL, NULL),
	(42, 17, 8, 12, 0, 2, 0, 1, 0, '1', NULL, NULL),
	(43, 17, 3, 0, 12, 0, 2, 0, 1, '0', NULL, NULL),
	(44, 17, 5, 0, 12, 0, 2, 0, 1, '0', NULL, NULL),
	(45, 18, 6, 7, 0, 1, 0, 1, 0, '0', NULL, NULL),
	(46, 18, 7, 7, 0, 1, 0, 1, 0, '0', NULL, NULL),
	(47, 18, 2, 0, 7, 0, 1, 0, 1, '0', NULL, NULL),
	(48, 18, 9, 0, 7, 0, 1, 0, 1, '0', NULL, NULL),
	(49, 19, 1, 12, 0, 2, 0, 1, 0, '0', NULL, NULL),
	(50, 19, 9, 12, 0, 2, 0, 1, 0, '0', NULL, NULL),
	(51, 19, 4, 0, 12, 0, 2, 0, 1, '0', NULL, NULL),
	(52, 19, 5, 0, 12, 0, 2, 0, 1, '0', NULL, NULL),
	(53, 20, 7, 12, 2, 2, 0, 1, 0, '0', NULL, NULL),
	(54, 20, 8, 12, 2, 2, 0, 1, 0, '0', NULL, NULL),
	(55, 20, 2, 2, 12, 0, 2, 0, 1, '0', NULL, NULL),
	(56, 20, 6, 2, 12, 0, 2, 0, 1, '0', NULL, NULL),
	(57, 21, 1, 12, 8, 2, 0, 1, 0, '0', NULL, NULL),
	(58, 21, 9, 12, 8, 2, 0, 1, 0, '0', NULL, NULL),
	(59, 21, 7, 8, 12, 0, 2, 0, 1, '0', NULL, NULL),
	(60, 21, 8, 8, 12, 0, 2, 0, 1, '0', NULL, NULL),
	(61, 22, 4, 12, 8, 2, 0, 1, 0, '0', NULL, NULL),
	(62, 22, 5, 12, 8, 2, 0, 1, 0, '0', NULL, NULL),
	(63, 22, 2, 8, 12, 0, 2, 0, 1, '0', NULL, NULL),
	(64, 22, 6, 8, 12, 0, 2, 0, 1, '0', NULL, NULL),
	(65, 23, 1, 12, 1, 2, 0, 1, 0, '0', NULL, NULL),
	(66, 23, 3, 12, 1, 2, 0, 1, 0, '0', NULL, NULL),
	(67, 23, 2, 1, 12, 0, 2, 0, 1, '0', NULL, NULL),
	(68, 23, 5, 1, 12, 0, 2, 0, 1, '0', NULL, NULL),
	(69, 24, 4, 13, 9, 2, 0, 1, 0, '0', NULL, NULL),
	(70, 24, 7, 13, 9, 2, 0, 1, 0, '0', NULL, NULL),
	(71, 24, 6, 9, 13, 0, 2, 0, 1, '0', NULL, NULL),
	(72, 24, 9, 9, 13, 0, 2, 0, 1, '0', NULL, NULL),
	(73, 25, 1, 12, 0, 2, 0, 1, 0, '0', NULL, NULL),
	(74, 25, 3, 12, 0, 2, 0, 1, 0, '0', NULL, NULL),
	(75, 25, 4, 0, 12, 0, 2, 0, 1, '0', NULL, NULL),
	(76, 25, 7, 0, 12, 0, 2, 0, 1, '0', NULL, NULL),
	(77, 26, 6, 9, 6, 1, 0, 1, 0, '0', NULL, NULL),
	(78, 26, 9, 9, 6, 1, 0, 1, 0, '0', NULL, NULL),
	(79, 26, 2, 6, 9, 0, 1, 0, 1, '0', NULL, NULL),
	(80, 26, 5, 6, 9, 0, 1, 0, 1, '0', NULL, NULL),
	(81, 27, 6, 12, 1, 2, 0, 1, 0, '0', NULL, NULL),
	(82, 27, 8, 12, 1, 2, 0, 1, 0, '0', NULL, NULL),
	(83, 27, 4, 1, 12, 0, 2, 0, 1, '0', NULL, NULL),
	(84, 27, 9, 1, 12, 0, 2, 0, 1, '0', NULL, NULL),
	(85, 28, 5, 12, 4, 2, 0, 1, 0, '0', NULL, NULL),
	(86, 28, 7, 12, 4, 2, 0, 1, 0, '0', NULL, NULL),
	(87, 28, 3, 4, 12, 0, 2, 0, 1, '0', NULL, NULL),
	(88, 28, 11, 4, 12, 0, 2, 0, 1, '0', NULL, NULL),
	(89, 29, 6, 10, 4, 1, 0, 1, 0, '0', NULL, NULL),
	(90, 29, 8, 10, 4, 1, 0, 1, 0, '0', NULL, NULL),
	(91, 29, 5, 4, 10, 0, 1, 0, 1, '0', NULL, NULL),
	(92, 29, 7, 4, 10, 0, 1, 0, 1, '0', NULL, NULL),
	(93, 30, 3, 10, 7, 1, 1, 1, 0, '0', NULL, NULL),
	(94, 30, 11, 10, 7, 1, 1, 1, 0, '0', NULL, NULL),
	(95, 30, 4, 7, 10, 1, 1, 0, 1, '0', NULL, NULL),
	(96, 30, 9, 7, 10, 1, 1, 0, 1, '0', NULL, NULL),
	(97, 31, 1, 12, 8, 2, 0, 1, 0, '0', NULL, NULL),
	(98, 31, 4, 12, 8, 2, 0, 1, 0, '0', NULL, NULL),
	(99, 31, 3, 8, 12, 0, 2, 0, 1, '0', NULL, NULL),
	(100, 31, 6, 8, 12, 0, 2, 0, 1, '0', NULL, NULL),
	(101, 32, 2, 13, 8, 2, 0, 1, 0, '0', NULL, NULL),
	(102, 32, 8, 13, 8, 2, 0, 1, 0, '0', NULL, NULL),
	(103, 32, 5, 8, 13, 0, 2, 0, 1, '0', NULL, NULL),
	(104, 32, 9, 8, 13, 0, 2, 0, 1, '0', NULL, NULL),
	(105, 33, 1, 12, 4, 2, 0, 1, 0, '0', NULL, NULL),
	(106, 33, 4, 12, 4, 2, 0, 1, 0, '0', NULL, NULL),
	(107, 33, 2, 4, 12, 0, 2, 0, 1, '0', NULL, NULL),
	(108, 33, 8, 4, 12, 0, 2, 0, 1, '0', NULL, NULL),
	(109, 34, 3, 13, 7, 2, 0, 1, 0, '0', NULL, NULL),
	(110, 34, 6, 13, 7, 2, 0, 1, 0, '0', NULL, NULL),
	(111, 34, 5, 7, 13, 0, 2, 0, 1, '0', NULL, NULL),
	(112, 34, 9, 7, 13, 0, 2, 0, 1, '0', NULL, NULL),
	(113, 35, 1, 12, 1, 2, 0, 1, 0, '0', NULL, NULL),
	(114, 35, 9, 12, 1, 2, 0, 1, 0, '0', NULL, NULL),
	(115, 35, 4, 1, 12, 0, 2, 0, 1, '0', NULL, NULL),
	(116, 35, 6, 1, 12, 0, 2, 0, 1, '0', NULL, NULL),
	(117, 36, 3, 12, 5, 2, 0, 1, 0, '0', NULL, NULL),
	(118, 36, 5, 12, 5, 2, 0, 1, 0, '0', NULL, NULL),
	(119, 36, 2, 5, 12, 0, 2, 0, 1, '0', NULL, NULL),
	(120, 36, 8, 5, 12, 0, 2, 0, 1, '0', NULL, NULL),
	(121, 37, 1, 12, 3, 2, 0, 1, 0, '0', NULL, NULL),
	(122, 37, 9, 12, 3, 2, 0, 1, 0, '0', NULL, NULL),
	(123, 37, 3, 3, 12, 0, 2, 0, 1, '0', NULL, NULL),
	(124, 37, 5, 3, 12, 0, 2, 0, 1, '0', NULL, NULL),
	(125, 38, 2, 13, 9, 2, 0, 1, 0, '0', NULL, NULL),
	(126, 38, 8, 13, 9, 2, 0, 1, 0, '0', NULL, NULL),
	(127, 38, 4, 9, 13, 0, 2, 0, 1, '0', NULL, NULL),
	(128, 38, 6, 9, 13, 0, 2, 0, 1, '0', NULL, NULL),
	(129, 43, 4, 12, 1, 2, 0, 1, 0, '0', NULL, NULL),
	(130, 43, 8, 12, 1, 2, 0, 1, 0, '0', NULL, NULL),
	(131, 43, 5, 1, 12, 0, 2, 0, 1, '0', NULL, NULL),
	(132, 43, 12, 1, 12, 0, 2, 0, 1, '0', NULL, NULL),
	(133, 44, 2, 12, 6, 2, 0, 1, 0, '0', NULL, NULL),
	(134, 44, 3, 12, 6, 2, 0, 1, 0, '0', NULL, NULL),
	(135, 44, 6, 6, 12, 0, 2, 0, 1, '0', NULL, NULL),
	(136, 44, 9, 6, 12, 0, 2, 0, 1, '0', NULL, NULL),
	(137, 45, 4, 12, 2, 2, 0, 1, 0, '0', NULL, NULL),
	(138, 45, 8, 12, 2, 2, 0, 1, 0, '0', NULL, NULL),
	(139, 45, 2, 2, 12, 0, 2, 0, 1, '0', NULL, NULL),
	(140, 45, 3, 2, 12, 0, 2, 0, 1, '0', NULL, NULL),
	(141, 46, 6, 13, 5, 2, 0, 1, 0, '0', NULL, NULL),
	(142, 46, 9, 13, 5, 2, 0, 1, 0, '0', NULL, NULL),
	(143, 46, 5, 5, 13, 0, 2, 0, 1, '0', NULL, NULL),
	(144, 46, 12, 5, 13, 0, 2, 0, 1, '0', NULL, NULL),
	(145, 47, 1, 12, 3, 2, 0, 1, 0, '0', NULL, NULL),
	(146, 47, 12, 12, 3, 2, 0, 1, 0, '0', NULL, NULL),
	(147, 47, 6, 3, 12, 0, 2, 0, 1, '0', NULL, NULL),
	(148, 47, 9, 3, 12, 0, 2, 0, 1, '0', NULL, NULL),
	(149, 48, 5, 12, 6, 2, 0, 1, 0, '0', NULL, NULL),
	(150, 48, 7, 12, 6, 2, 0, 1, 0, '0', NULL, NULL),
	(151, 48, 2, 6, 12, 0, 2, 0, 1, '0', NULL, NULL),
	(152, 48, 4, 6, 12, 0, 2, 0, 1, '0', NULL, NULL),
	(153, 49, 1, 12, 4, 2, 0, 1, 0, '0', NULL, NULL),
	(154, 49, 12, 12, 4, 2, 0, 1, 0, '0', NULL, NULL),
	(155, 49, 5, 4, 12, 0, 2, 0, 1, '0', NULL, NULL),
	(156, 49, 7, 4, 12, 0, 2, 0, 1, '0', NULL, NULL),
	(157, 50, 6, 12, 6, 2, 0, 1, 0, '0', NULL, NULL),
	(158, 50, 9, 12, 6, 2, 0, 1, 0, '0', NULL, NULL),
	(159, 50, 2, 6, 12, 0, 2, 0, 1, '0', NULL, NULL),
	(160, 50, 4, 6, 12, 0, 2, 0, 1, '0', NULL, NULL),
	(161, 51, 7, 12, 7, 2, 0, 1, 0, '0', NULL, NULL),
	(162, 51, 12, 12, 7, 2, 0, 1, 0, '0', NULL, NULL),
	(163, 51, 6, 7, 12, 0, 2, 0, 1, '0', NULL, NULL),
	(164, 51, 13, 7, 12, 0, 2, 0, 1, '0', NULL, NULL),
	(165, 52, 4, 12, 5, 2, 0, 1, 0, '0', NULL, NULL),
	(166, 52, 14, 12, 5, 2, 0, 1, 0, '0', NULL, NULL),
	(167, 52, 9, 5, 12, 0, 2, 0, 1, '0', NULL, NULL),
	(168, 52, 15, 5, 12, 0, 2, 0, 1, '0', NULL, NULL),
	(169, 53, 7, 13, 8, 2, 0, 1, 0, '0', NULL, NULL),
	(170, 53, 12, 13, 8, 2, 0, 1, 0, '0', NULL, NULL),
	(171, 53, 4, 8, 13, 0, 2, 0, 1, '0', NULL, NULL),
	(172, 53, 14, 8, 13, 0, 2, 0, 1, '0', NULL, NULL),
	(173, 54, 9, 12, 5, 2, 0, 1, 0, '0', NULL, NULL),
	(174, 54, 15, 12, 5, 2, 0, 1, 0, '0', NULL, NULL),
	(175, 54, 6, 5, 12, 0, 2, 0, 1, '0', NULL, NULL),
	(176, 54, 13, 5, 12, 0, 2, 0, 1, '0', NULL, NULL),
	(177, 55, 15, 13, 9, 2, 0, 1, 0, '0', NULL, NULL),
	(178, 55, 16, 13, 9, 2, 0, 1, 0, '0', NULL, NULL),
	(179, 55, 6, 9, 13, 0, 2, 0, 1, '0', NULL, NULL),
	(180, 55, 7, 9, 13, 0, 2, 0, 1, '0', NULL, NULL),
	(181, 56, 8, 12, 1, 2, 0, 1, 0, '0', NULL, NULL),
	(182, 56, 17, 12, 1, 2, 0, 1, 0, '0', NULL, NULL),
	(183, 56, 5, 1, 12, 0, 2, 0, 1, '0', NULL, NULL),
	(184, 56, 9, 1, 12, 0, 2, 0, 1, '0', NULL, NULL),
	(185, 57, 15, 12, 5, 2, 0, 1, 0, '0', NULL, NULL),
	(186, 57, 16, 12, 5, 2, 0, 1, 0, '0', NULL, NULL),
	(187, 57, 8, 5, 12, 0, 2, 0, 1, '0', NULL, NULL),
	(188, 57, 17, 5, 12, 0, 2, 0, 1, '0', NULL, NULL),
	(189, 58, 6, 12, 5, 2, 0, 1, 0, '0', NULL, NULL),
	(190, 58, 7, 12, 5, 2, 0, 1, 0, '0', NULL, NULL),
	(191, 58, 5, 5, 12, 0, 2, 0, 1, '0', NULL, NULL),
	(192, 58, 9, 5, 12, 0, 2, 0, 1, '0', NULL, NULL),
	(193, 59, 2, 13, 9, 2, 0, 1, 0, '0', NULL, NULL),
	(194, 59, 15, 13, 9, 2, 0, 1, 0, '0', NULL, NULL),
	(195, 59, 4, 9, 13, 0, 2, 0, 1, '0', NULL, NULL),
	(196, 59, 6, 9, 13, 0, 2, 0, 1, '0', NULL, NULL),
	(197, 60, 7, 15, 13, 2, 1, 1, 0, '0', NULL, NULL),
	(198, 60, 9, 15, 13, 2, 1, 1, 0, '0', NULL, NULL),
	(199, 60, 8, 13, 15, 1, 2, 0, 1, '0', NULL, NULL),
	(200, 60, 10, 13, 15, 1, 2, 0, 1, '0', NULL, NULL),
	(201, 61, 2, 5, 3, 0, 0, 1, 0, '0', NULL, NULL),
	(202, 61, 15, 5, 3, 0, 0, 1, 0, '0', NULL, NULL),
	(203, 61, 7, 3, 5, 0, 0, 0, 1, '0', NULL, NULL),
	(204, 61, 9, 3, 5, 0, 0, 0, 1, '0', NULL, NULL),
	(205, 62, 4, 5, 4, 0, 0, 1, 0, '0', NULL, NULL),
	(206, 62, 6, 5, 4, 0, 0, 1, 0, '0', NULL, NULL),
	(207, 62, 8, 4, 5, 0, 0, 0, 1, '0', NULL, NULL),
	(208, 62, 10, 4, 5, 0, 0, 0, 1, '0', NULL, NULL),
	(209, 63, 1, 12, 1, 2, 0, 1, 0, '0', NULL, NULL),
	(210, 63, 7, 12, 1, 2, 0, 1, 0, '0', NULL, NULL),
	(211, 63, 5, 1, 12, 0, 2, 0, 1, '0', NULL, NULL),
	(212, 63, 9, 1, 12, 0, 2, 0, 1, '0', NULL, NULL),
	(213, 64, 4, 14, 12, 1, 1, 1, 0, '0', NULL, NULL),
	(214, 64, 18, 14, 12, 1, 1, 1, 0, '0', NULL, NULL),
	(215, 64, 6, 12, 14, 1, 1, 0, 1, '0', NULL, NULL),
	(216, 64, 12, 12, 14, 1, 1, 0, 1, '0', NULL, NULL),
	(217, 65, 1, 12, 1, 2, 0, 1, 0, '0', NULL, NULL),
	(218, 65, 7, 12, 1, 2, 0, 1, 0, '0', NULL, NULL),
	(219, 65, 4, 1, 12, 0, 2, 0, 1, '0', NULL, NULL),
	(220, 65, 18, 1, 12, 0, 2, 0, 1, '0', NULL, NULL),
	(221, 66, 5, 9, 7, 1, 1, 1, 0, '0', NULL, NULL),
	(222, 66, 9, 9, 7, 1, 1, 1, 0, '0', NULL, NULL),
	(223, 66, 6, 7, 9, 1, 1, 0, 1, '0', NULL, NULL),
	(224, 66, 12, 7, 9, 1, 1, 0, 1, '0', NULL, NULL),
	(225, 67, 1, 12, 3, 2, 0, 1, 0, '0', NULL, NULL),
	(226, 67, 6, 12, 3, 2, 0, 1, 0, '0', NULL, NULL),
	(227, 67, 3, 3, 12, 0, 2, 0, 1, '0', NULL, NULL),
	(228, 67, 9, 3, 12, 0, 2, 0, 1, '0', NULL, NULL),
	(229, 68, 5, 13, 10, 2, 0, 1, 0, '0', NULL, NULL),
	(230, 68, 7, 13, 10, 2, 0, 1, 0, '0', NULL, NULL),
	(231, 68, 2, 10, 13, 0, 2, 0, 1, '0', NULL, NULL),
	(232, 68, 4, 10, 13, 0, 2, 0, 1, '0', NULL, NULL),
	(233, 69, 1, 12, 3, 2, 0, 1, 0, '0', NULL, NULL),
	(234, 69, 6, 12, 3, 2, 0, 1, 0, '0', NULL, NULL),
	(235, 69, 5, 3, 12, 0, 2, 0, 1, '0', NULL, NULL),
	(236, 69, 7, 3, 12, 0, 2, 0, 1, '0', NULL, NULL),
	(237, 70, 3, 12, 4, 2, 0, 1, 0, '0', NULL, NULL),
	(238, 70, 9, 12, 4, 2, 0, 1, 0, '0', NULL, NULL),
	(239, 70, 2, 4, 12, 0, 2, 0, 1, '0', NULL, NULL),
	(240, 70, 4, 4, 12, 0, 2, 0, 1, '0', NULL, NULL),
	(241, 71, 3, 12, 3, 2, 0, 1, 0, '0', NULL, NULL),
	(242, 71, 6, 12, 3, 2, 0, 1, 0, '0', NULL, NULL),
	(243, 71, 9, 3, 12, 0, 2, 0, 1, '0', NULL, NULL),
	(244, 71, 18, 3, 12, 0, 2, 0, 1, '0', NULL, NULL),
	(245, 72, 4, 13, 7, 2, 0, 1, 0, '0', NULL, NULL),
	(246, 72, 15, 13, 7, 2, 0, 1, 0, '0', NULL, NULL),
	(247, 72, 2, 7, 13, 0, 2, 0, 1, '0', NULL, NULL),
	(248, 72, 5, 7, 13, 0, 2, 0, 1, '0', NULL, NULL),
	(249, 73, 3, 12, 1, 2, 0, 1, 0, '0', NULL, NULL),
	(250, 73, 6, 12, 1, 2, 0, 1, 0, '0', NULL, NULL),
	(251, 73, 4, 1, 12, 0, 2, 0, 1, '0', NULL, NULL),
	(252, 73, 15, 1, 12, 0, 2, 0, 1, '0', NULL, NULL),
	(253, 74, 2, 9, 8, 1, 0, 1, 0, '0', NULL, NULL),
	(254, 74, 5, 9, 8, 1, 0, 1, 0, '0', NULL, NULL),
	(255, 74, 9, 8, 9, 0, 1, 0, 1, '0', NULL, NULL),
	(256, 74, 18, 8, 9, 0, 1, 0, 1, '0', NULL, NULL),
	(257, 75, 1, 12, 5, 2, 0, 1, 0, '0', NULL, NULL),
	(258, 75, 12, 12, 5, 2, 0, 1, 0, '0', NULL, NULL),
	(259, 75, 5, 5, 12, 0, 2, 0, 1, '0', NULL, NULL),
	(260, 75, 6, 5, 12, 0, 2, 0, 1, '0', NULL, NULL),
	(261, 76, 3, 11, 8, 1, 1, 1, 0, '0', NULL, NULL),
	(262, 76, 9, 11, 8, 1, 1, 1, 0, '0', NULL, NULL),
	(263, 76, 4, 8, 11, 1, 1, 0, 1, '0', NULL, NULL),
	(264, 76, 7, 8, 11, 1, 1, 0, 1, '0', NULL, NULL),
	(265, 77, 1, 12, 3, 2, 0, 1, 0, '0', NULL, NULL),
	(266, 77, 12, 12, 3, 2, 0, 1, 0, '0', NULL, NULL),
	(267, 77, 3, 3, 12, 0, 2, 0, 1, '0', NULL, NULL),
	(268, 77, 9, 3, 12, 0, 2, 0, 1, '0', NULL, NULL),
	(269, 78, 5, 13, 8, 2, 0, 1, 0, '0', NULL, NULL),
	(270, 78, 6, 13, 8, 2, 0, 1, 0, '0', NULL, NULL),
	(271, 78, 4, 8, 13, 0, 2, 0, 1, '0', NULL, NULL),
	(272, 78, 7, 8, 13, 0, 2, 0, 1, '0', NULL, NULL),
	(273, 81, 1, 12, 0, 2, 0, 1, 0, '0', NULL, NULL),
	(274, 81, 8, 12, 0, 2, 0, 1, 0, '0', NULL, NULL),
	(275, 81, 2, 0, 12, 0, 2, 0, 1, '0', NULL, NULL),
	(276, 81, 5, 0, 12, 0, 2, 0, 1, '0', NULL, NULL),
	(277, 82, 7, 12, 7, 2, 0, 1, 0, '0', NULL, NULL),
	(278, 82, 9, 12, 7, 2, 0, 1, 0, '0', NULL, NULL),
	(279, 82, 3, 7, 12, 0, 2, 0, 1, '0', NULL, NULL),
	(280, 82, 4, 7, 12, 0, 2, 0, 1, '0', NULL, NULL),
	(281, 83, 1, 12, 1, 2, 0, 1, 0, '0', NULL, NULL),
	(282, 83, 8, 12, 1, 2, 0, 1, 0, '0', NULL, NULL),
	(283, 83, 7, 1, 12, 0, 2, 0, 1, '0', NULL, NULL),
	(284, 83, 9, 1, 12, 0, 2, 0, 1, '0', NULL, NULL),
	(285, 84, 3, 11, 9, 1, 1, 1, 0, '0', NULL, NULL),
	(286, 84, 4, 11, 9, 1, 1, 1, 0, '0', NULL, NULL),
	(287, 84, 2, 9, 11, 1, 1, 0, 1, '0', NULL, NULL),
	(288, 84, 5, 9, 11, 1, 1, 0, 1, '0', NULL, NULL),
	(289, 85, 1, 12, 4, 2, 0, 1, 0, '0', NULL, NULL),
	(290, 85, 18, 12, 4, 2, 0, 1, 0, '0', NULL, NULL),
	(291, 85, 3, 4, 12, 0, 2, 0, 1, '0', NULL, NULL),
	(292, 85, 9, 4, 12, 0, 2, 0, 1, '0', NULL, NULL),
	(293, 86, 4, 12, 7, 2, 0, 1, 0, '0', NULL, NULL),
	(294, 86, 8, 12, 7, 2, 0, 1, 0, '0', NULL, NULL),
	(295, 86, 5, 7, 12, 0, 2, 0, 1, '0', NULL, NULL),
	(296, 86, 7, 7, 12, 0, 2, 0, 1, '0', NULL, NULL),
	(297, 87, 1, 12, 1, 2, 0, 1, 0, '0', NULL, NULL),
	(298, 87, 18, 12, 1, 2, 0, 1, 0, '0', NULL, NULL),
	(299, 87, 4, 1, 12, 0, 2, 0, 1, '0', NULL, NULL),
	(300, 87, 8, 1, 12, 0, 2, 0, 1, '0', NULL, NULL),
	(301, 88, 3, 13, 10, 2, 0, 1, 0, '0', NULL, NULL),
	(302, 88, 9, 13, 10, 2, 0, 1, 0, '0', NULL, NULL),
	(303, 88, 5, 10, 13, 0, 2, 0, 1, '0', NULL, NULL),
	(304, 88, 7, 10, 13, 0, 2, 0, 1, '0', NULL, NULL),
	(305, 89, 4, 12, 8, 2, 0, 1, 0, '0', NULL, NULL),
	(306, 89, 8, 12, 8, 2, 0, 1, 0, '0', NULL, NULL),
	(307, 89, 2, 8, 12, 0, 2, 0, 1, '0', NULL, NULL),
	(308, 89, 6, 8, 12, 0, 2, 0, 1, '0', NULL, NULL),
	(309, 90, 5, 10, 7, 1, 1, 1, 0, '0', NULL, NULL),
	(310, 90, 12, 10, 7, 1, 1, 1, 0, '0', NULL, NULL),
	(311, 90, 7, 7, 10, 1, 1, 0, 1, '0', NULL, NULL),
	(312, 90, 9, 7, 10, 1, 1, 0, 1, '0', NULL, NULL),
	(313, 91, 4, 13, 10, 1, 1, 1, 0, '0', NULL, NULL),
	(314, 91, 8, 13, 10, 1, 1, 1, 0, '0', NULL, NULL),
	(315, 91, 5, 10, 13, 1, 1, 0, 1, '0', NULL, NULL),
	(316, 91, 12, 10, 13, 1, 1, 0, 1, '0', NULL, NULL),
	(317, 92, 7, 12, 10, 1, 1, 1, 0, '0', NULL, NULL),
	(318, 92, 9, 12, 10, 1, 1, 1, 0, '0', NULL, NULL),
	(319, 92, 2, 10, 12, 1, 1, 0, 1, '0', NULL, NULL),
	(320, 92, 6, 10, 12, 1, 1, 0, 1, '0', NULL, NULL),
	(321, 93, 4, 10, 11, 1, 1, 1, 0, '0', NULL, NULL),
	(322, 93, 7, 10, 11, 1, 1, 1, 0, '0', NULL, NULL),
	(323, 93, 2, 11, 10, 1, 1, 0, 1, '0', NULL, NULL),
	(324, 93, 8, 11, 10, 1, 1, 0, 1, '0', NULL, NULL),
	(325, 94, 6, 12, 4, 2, 0, 1, 0, '0', NULL, NULL),
	(326, 94, 9, 12, 4, 2, 0, 1, 0, '0', NULL, NULL),
	(327, 94, 5, 4, 12, 0, 2, 0, 1, '0', NULL, NULL),
	(328, 94, 12, 4, 12, 0, 2, 0, 1, '0', NULL, NULL),
	(329, 95, 4, 11, 10, 1, 1, 1, 0, '0', NULL, NULL),
	(330, 95, 7, 11, 10, 1, 1, 1, 0, '0', NULL, NULL),
	(331, 95, 6, 10, 11, 1, 1, 0, 1, '0', NULL, NULL),
	(332, 95, 9, 10, 11, 1, 1, 0, 1, '0', NULL, NULL),
	(333, 96, 2, 12, 0, 2, 0, 1, 0, '0', NULL, NULL),
	(334, 96, 8, 12, 0, 2, 0, 1, 0, '0', NULL, NULL),
	(335, 96, 5, 0, 12, 0, 2, 0, 1, '0', NULL, NULL),
	(336, 96, 12, 0, 12, 0, 2, 0, 1, '0', NULL, NULL),
	(337, 99, 3, 13, 9, 2, 0, 1, 0, '0', NULL, NULL),
	(338, 99, 4, 13, 9, 2, 0, 1, 0, '0', NULL, NULL),
	(339, 99, 2, 9, 13, 0, 2, 0, 1, '0', NULL, NULL),
	(340, 99, 8, 9, 13, 0, 2, 0, 1, '0', NULL, NULL),
	(341, 100, 6, 13, 7, 2, 0, 1, 0, '0', NULL, NULL),
	(342, 100, 7, 13, 7, 2, 0, 1, 0, '0', NULL, NULL),
	(343, 100, 9, 7, 13, 0, 2, 0, 1, '0', NULL, NULL),
	(344, 100, 12, 7, 13, 0, 2, 0, 1, '0', NULL, NULL),
	(345, 101, 3, 9, 10, 1, 1, 1, 0, '0', NULL, NULL),
	(346, 101, 4, 9, 10, 1, 1, 1, 0, '0', NULL, NULL),
	(347, 101, 6, 10, 9, 1, 1, 0, 1, '0', NULL, NULL),
	(348, 101, 7, 10, 9, 1, 1, 0, 1, '0', NULL, NULL),
	(349, 102, 2, 10, 8, 1, 1, 1, 0, '0', NULL, NULL),
	(350, 102, 8, 10, 8, 1, 1, 1, 0, '0', NULL, NULL),
	(351, 102, 9, 8, 10, 1, 1, 0, 1, '0', NULL, NULL),
	(352, 102, 12, 8, 10, 1, 1, 0, 1, '0', NULL, NULL),
	(353, 103, 1, 11, 9, 1, 1, 1, 0, '0', NULL, NULL),
	(354, 103, 9, 11, 9, 1, 1, 1, 0, '0', NULL, NULL),
	(355, 103, 5, 9, 11, 1, 1, 0, 1, '0', NULL, NULL),
	(356, 103, 6, 9, 11, 1, 1, 0, 1, '0', NULL, NULL),
	(357, 104, 3, 13, 9, 2, 0, 1, 0, '0', NULL, NULL),
	(358, 104, 12, 13, 9, 2, 0, 1, 0, '0', NULL, NULL),
	(359, 104, 2, 9, 13, 0, 2, 0, 1, '0', NULL, NULL),
	(360, 104, 7, 9, 13, 0, 2, 0, 1, '0', NULL, NULL),
	(361, 105, 1, 12, 4, 2, 0, 1, 0, '0', NULL, NULL),
	(362, 105, 9, 12, 4, 2, 0, 1, 0, '0', NULL, NULL),
	(363, 105, 3, 4, 12, 0, 2, 0, 1, '0', NULL, NULL),
	(364, 105, 12, 4, 12, 0, 2, 0, 1, '0', NULL, NULL),
	(365, 106, 5, 12, 7, 2, 0, 1, 0, '0', NULL, NULL),
	(366, 106, 6, 12, 7, 2, 0, 1, 0, '0', NULL, NULL),
	(367, 106, 2, 7, 12, 0, 2, 0, 1, '0', NULL, NULL),
	(368, 106, 7, 7, 12, 0, 2, 0, 1, '0', NULL, NULL),
	(369, 107, 1, 12, 1, 2, 0, 1, 0, '0', NULL, NULL),
	(370, 107, 8, 12, 1, 2, 0, 1, 0, '0', NULL, NULL),
	(371, 107, 5, 1, 12, 0, 2, 0, 1, '0', NULL, NULL),
	(372, 107, 6, 1, 12, 0, 2, 0, 1, '0', NULL, NULL),
	(373, 108, 3, 12, 3, 2, 0, 1, 0, '0', NULL, NULL),
	(374, 108, 7, 12, 3, 2, 0, 1, 0, '0', NULL, NULL),
	(375, 108, 4, 3, 12, 0, 2, 0, 1, '0', NULL, NULL),
	(376, 108, 12, 3, 12, 0, 2, 0, 1, '0', NULL, NULL),
	(377, 109, 1, 12, 5, 2, 0, 1, 0, '0', '2022-11-08', '2022-11-08'),
	(378, 109, 8, 12, 5, 2, 0, 1, 0, '0', '2022-11-08', '2022-11-08'),
	(379, 109, 3, 5, 12, 0, 2, 0, 1, '0', '2022-11-08', '2022-11-08'),
	(380, 109, 7, 5, 12, 0, 2, 0, 1, '0', '2022-11-08', '2022-11-08'),
	(381, 110, 5, 13, 8, 2, 0, 1, 0, '0', '2022-11-08', '2022-11-08'),
	(382, 110, 6, 13, 8, 2, 0, 1, 0, '0', '2022-11-08', '2022-11-08'),
	(383, 110, 4, 8, 13, 0, 2, 0, 1, '0', '2022-11-08', '2022-11-08'),
	(384, 110, 12, 8, 13, 0, 2, 0, 1, '0', '2022-11-08', '2022-11-08');

-- Dumping structure for table cppa.sistema_puntuacion
CREATE TABLE IF NOT EXISTS `sistema_puntuacion` (
  `id` int(11) NOT NULL AUTO_INCREMENT,
  `item` varchar(50) NOT NULL DEFAULT '',
  `puntos` int(11) NOT NULL,
  PRIMARY KEY (`id`)
) ENGINE=InnoDB AUTO_INCREMENT=6 DEFAULT CHARSET=utf8mb4;

-- Dumping data for table cppa.sistema_puntuacion: ~5 rows (approximately)
INSERT INTO `sistema_puntuacion` (`id`, `item`, `puntos`) VALUES
	(1, 'partido', 2),
	(2, 'set', 1),
	(3, 'final', 1),
	(4, 'semifinal', 2),
	(5, 'actuacion_destacada', 0);

-- Dumping structure for table cppa.torneo
CREATE TABLE IF NOT EXISTS `torneo` (
  `id` int(11) NOT NULL,
  `nombre` varchar(50) NOT NULL DEFAULT '',
  `numero` varchar(50) DEFAULT NULL,
  PRIMARY KEY (`id`)
) ENGINE=InnoDB DEFAULT CHARSET=utf8mb4;

-- Dumping data for table cppa.torneo: ~3 rows (approximately)
INSERT INTO `torneo` (`id`, `nombre`, `numero`) VALUES
	(1, 'grand_slam', '1'),
	(2, 'copa_saeta_fest', 'null'),
	(3, 'grand_slam', '2');

-- Dumping structure for table cppa.usuario
CREATE TABLE IF NOT EXISTS `usuario` (
  `id` int(11) NOT NULL,
  `email` varchar(50) NOT NULL DEFAULT '',
  `password` varchar(50) NOT NULL DEFAULT '',
  PRIMARY KEY (`id`)
) ENGINE=InnoDB DEFAULT CHARSET=utf8mb4;

-- Dumping data for table cppa.usuario: ~0 rows (approximately)
INSERT INTO `usuario` (`id`, `email`, `password`) VALUES
	(1, 'lionel.prats.c@gmail.com', 'cppa2022');

/*!40103 SET TIME_ZONE=IFNULL(@OLD_TIME_ZONE, 'system') */;
/*!40101 SET SQL_MODE=IFNULL(@OLD_SQL_MODE, '') */;
/*!40014 SET FOREIGN_KEY_CHECKS=IFNULL(@OLD_FOREIGN_KEY_CHECKS, 1) */;
/*!40101 SET CHARACTER_SET_CLIENT=@OLD_CHARACTER_SET_CLIENT */;
/*!40111 SET SQL_NOTES=IFNULL(@OLD_SQL_NOTES, 1) */;
